{
	"format_version": "1.8.0",
	"geometry.rouge_wings.tall.wide": {
		"bones": [
			{
				"name": "bodyArmor",
				"parent": "body",
				"mirror": false,
				"cubes": [
					{
						"origin": [3.12132, 13, 4.02132],
						"size": [0, 21, 11],
						"pivot": [3.12132, 26, 4.02132],
						"rotation": [0, 90, 0],
						"uv": {
							"east": {"uv": [28, 0], "uv_size": [-11, 21]}
						}
					},
					{
						"origin": [-1, 18, 2],
						"size": [0, 8, 3],
						"pivot": [-1, 22.5, 2],
						"rotation": [0, -45, 0],
						"uv": {
							"east": {"uv": [14, 0], "uv_size": [3, 8]}
						}
					},
					{
						"origin": [-1, 18, 1.9],
						"size": [0, 8, 3],
						"pivot": [-1, 22.5, 1.9],
						"rotation": [0, -45, 0],
						"uv": {
							"east": {"uv": [14, 8], "uv_size": [3, 8]}
						}
					},
					{
						"origin": [1, 18, 1.9],
						"size": [0, 8, 3],
						"pivot": [1, 22.5, 1.9],
						"rotation": [0, 45, 0],
						"uv": {
							"west": {"uv": [17, 8], "uv_size": [-3, 8]}
						}
					},
					{
						"origin": [1, 18, 2],
						"size": [0, 8, 3],
						"pivot": [1, 22.5, 2],
						"rotation": [0, 45, 0],
						"uv": {
							"west": {"uv": [17, 0], "uv_size": [-3, 8]}
						}
					},
					{
						"origin": [-3.12132, 13, 4.12132],
						"size": [0, 21, 11],
						"pivot": [-3.12132, 26, 4.12132],
						"rotation": [0, -90, 0],
						"uv": {
							"west": {"uv": [0, 0], "uv_size": [11, 21]}
						}
					},
					{
						"origin": [-3.12132, 13, 4.02132],
						"size": [0, 21, 11],
						"pivot": [-3.12132, 26, 4.02132],
						"rotation": [0, -90, 0],
						"uv": {
							"west": {"uv": [17, 0], "uv_size": [11, 21]}
						}
					},
					{
						"origin": [3.12132, 13, 4.12132],
						"size": [0, 21, 11],
						"pivot": [3.12132, 26, 4.12132],
						"rotation": [0, 90, 0],
						"uv": {
							"east": {"uv": [11, 0], "uv_size": [-11, 21]}
						}
					}
				]
			}
		]
	},
	"geometry.rouge_wings.medium": {
		"bones": [
			{
				"name": "bodyArmor",
				"parent": "body",
				"mirror": false,
				"cubes": [
					{
						"origin": [3.12132, 12, 4.02132],
						"size": [0, 21, 11],
						"pivot": [3.12132, 25, 4.02132],
						"rotation": [0, 90, 0],
						"uv": {
							"east": {"uv": [28, 0], "uv_size": [-11, 21]}
						}
					},
					{
						"origin": [-1, 17, 2],
						"size": [0, 8, 3],
						"pivot": [-1, 21.5, 2],
						"rotation": [0, -45, 0],
						"uv": {
							"east": {"uv": [14, 0], "uv_size": [3, 8]}
						}
					},
					{
						"origin": [-1, 17, 1.9],
						"size": [0, 8, 3],
						"pivot": [-1, 21.5, 1.9],
						"rotation": [0, -45, 0],
						"uv": {
							"east": {"uv": [14, 8], "uv_size": [3, 8]}
						}
					},
					{
						"origin": [1, 17, 1.9],
						"size": [0, 8, 3],
						"pivot": [1, 21.5, 1.9],
						"rotation": [0, 45, 0],
						"uv": {
							"west": {"uv": [17, 8], "uv_size": [-3, 8]}
						}
					},
					{
						"origin": [1, 17, 2],
						"size": [0, 8, 3],
						"pivot": [1, 21.5, 2],
						"rotation": [0, 45, 0],
						"uv": {
							"west": {"uv": [17, 0], "uv_size": [-3, 8]}
						}
					},
					{
						"origin": [-3.12132, 12, 4.12132],
						"size": [0, 21, 11],
						"pivot": [-3.12132, 25, 4.12132],
						"rotation": [0, -90, 0],
						"uv": {
							"west": {"uv": [0, 0], "uv_size": [11, 21]}
						}
					},
					{
						"origin": [-3.12132, 12, 4.02132],
						"size": [0, 21, 11],
						"pivot": [-3.12132, 25, 4.02132],
						"rotation": [0, -90, 0],
						"uv": {
							"west": {"uv": [17, 0], "uv_size": [11, 21]}
						}
					},
					{
						"origin": [3.12132, 12, 4.12132],
						"size": [0, 21, 11],
						"pivot": [3.12132, 25, 4.12132],
						"rotation": [0, 90, 0],
						"uv": {
							"east": {"uv": [11, 0], "uv_size": [-11, 21]}
						}
					}
				]
			}
		]
	},
	"geometry.rouge_wings.small": {
		"bones": [
			{
				"name": "bodyArmor",
				"parent": "body",
				"mirror": false,
				"cubes": [
					{
						"origin": [3.12132, 10, 4.02132],
						"size": [0, 21, 11],
						"pivot": [3.12132, 23, 4.02132],
						"rotation": [0, 90, 0],
						"uv": {
							"east": {"uv": [28, 0], "uv_size": [-11, 21]}
						}
					},
					{
						"origin": [-1, 15, 2],
						"size": [0, 8, 3],
						"pivot": [-1, 19.5, 2],
						"rotation": [0, -45, 0],
						"uv": {
							"east": {"uv": [14, 0], "uv_size": [3, 8]}
						}
					},
					{
						"origin": [-1, 15, 1.9],
						"size": [0, 8, 3],
						"pivot": [-1, 19.5, 1.9],
						"rotation": [0, -45, 0],
						"uv": {
							"east": {"uv": [14, 8], "uv_size": [3, 8]}
						}
					},
					{
						"origin": [1, 15, 1.9],
						"size": [0, 8, 3],
						"pivot": [1, 19.5, 1.9],
						"rotation": [0, 45, 0],
						"uv": {
							"west": {"uv": [17, 8], "uv_size": [-3, 8]}
						}
					},
					{
						"origin": [1, 15, 2],
						"size": [0, 8, 3],
						"pivot": [1, 19.5, 2],
						"rotation": [0, 45, 0],
						"uv": {
							"west": {"uv": [17, 0], "uv_size": [-3, 8]}
						}
					},
					{
						"origin": [-3.12132, 10, 4.12132],
						"size": [0, 21, 11],
						"pivot": [-3.12132, 23, 4.12132],
						"rotation": [0, -90, 0],
						"uv": {
							"west": {"uv": [0, 0], "uv_size": [11, 21]}
						}
					},
					{
						"origin": [-3.12132, 10, 4.02132],
						"size": [0, 21, 11],
						"pivot": [-3.12132, 23, 4.02132],
						"rotation": [0, -90, 0],
						"uv": {
							"west": {"uv": [17, 0], "uv_size": [11, 21]}
						}
					},
					{
						"origin": [3.12132, 10, 4.12132],
						"size": [0, 21, 11],
						"pivot": [3.12132, 23, 4.12132],
						"rotation": [0, 90, 0],
						"uv": {
							"east": {"uv": [11, 0], "uv_size": [-11, 21]}
						}
					}
				]
			}
		]
	},
	"geometry.rouge_wings.smaller": {
		"bones": [
			{
				"name": "bodyArmor",
				"parent": "body",
				"mirror": false,
				"cubes": [
					{
						"origin": [-1, 13, 2],
						"size": [0, 8, 3],
						"pivot": [-1, 17.5, 2],
						"rotation": [0, -45, 0],
						"uv": {
							"east": {"uv": [14, 0], "uv_size": [3, 8]}
						}
					},
					{
						"origin": [-1, 13, 1.9],
						"size": [0, 8, 3],
						"pivot": [-1, 17.5, 1.9],
						"rotation": [0, -45, 0],
						"uv": {
							"east": {"uv": [14, 8], "uv_size": [3, 8]}
						}
					},
					{
						"origin": [1, 13, 1.9],
						"size": [0, 8, 3],
						"pivot": [1, 17.5, 1.9],
						"rotation": [0, 45, 0],
						"uv": {
							"west": {"uv": [17, 8], "uv_size": [-3, 8]}
						}
					},
					{
						"origin": [1, 13, 2],
						"size": [0, 8, 3],
						"pivot": [1, 17.5, 2],
						"rotation": [0, 45, 0],
						"uv": {
							"west": {"uv": [17, 0], "uv_size": [-3, 8]}
						}
					},
					{
						"origin": [-3.12132, 8, 4.12132],
						"size": [0, 21, 11],
						"pivot": [-3.12132, 21, 4.12132],
						"rotation": [0, -90, 0],
						"uv": {
							"west": {"uv": [0, 0], "uv_size": [11, 21]}
						}
					},
					{
						"origin": [-3.12132, 8, 4.02132],
						"size": [0, 21, 11],
						"pivot": [-3.12132, 21, 4.02132],
						"rotation": [0, -90, 0],
						"uv": {
							"west": {"uv": [17, 0], "uv_size": [11, 21]}
						}
					},
					{
						"origin": [3.12132, 8, 4.12132],
						"size": [0, 21, 11],
						"pivot": [3.12132, 21, 4.12132],
						"rotation": [0, 90, 0],
						"uv": {
							"east": {"uv": [11, 0], "uv_size": [-11, 21]}
						}
					},
					{
						"origin": [3.12132, 8, 4.02132],
						"size": [0, 21, 11],
						"pivot": [3.12132, 21, 4.02132],
						"rotation": [0, 90, 0],
						"uv": {
							"east": {"uv": [28, 0], "uv_size": [-11, 21]}
						}
					}
				]
			}
		]
	}
}