{
	"piece_id": "3e7c4c29-b6d4-fd43-7438-0ad5ae22266b",
	"piece_name": "rouge_wings",
	"piece_type": "persona_back",
	"geometry_sources": [
		{
			"arm_size": "wide",
			"body_size": "tall",
			"geometry": "geometry.rouge_wings.tall.wide",
			"texture": "rouge_wings.png"
		},
		{
			"body_size": "medium",
			"geometry": "geometry.rouge_wings.medium",
			"texture": "rouge_wings.png"
		},
		{
			"body_size": "small",
			"geometry": "geometry.rouge_wings.small",
			"texture": "rouge_wings.png"
		},
		{
			"body_size": "smaller",
			"geometry": "geometry.rouge_wings.smaller",
			"texture": "rouge_wings.png"
		}
	]
}