{
	"piece_id": "d34bdc57-56c6-85e2-d7c0-f99d29add5b8",
	"piece_name": "shadows_hair",
	"piece_type": "persona_head",
	"geometry_sources": [
		{
			"body_size": "tall",
			"geometry": "geometry.shadows_hair.tall",
			"texture": "shadows_hair.png"
		},
		{
			"body_size": "medium",
			"geometry": "geometry.shadows_hair.medium",
			"texture": "shadows_hair.png"
		},
		{
			"body_size": "small",
			"geometry": "geometry.shadows_hair.small",
			"texture": "shadows_hair.png"
		},
		{
			"body_size": "smaller",
			"geometry": "geometry.shadows_hair.smaller",
			"texture": "shadows_hair.png"
		}
	]
}