{
	"format_version": "1.8.0",
	"geometry.shadows_hair.tall": {
		"bones": [
			{
				"name": "head",
				"parent": "body",
				"cubes": [
					{
						"origin": [-5, 24, -5],
						"size": [10, 10, 10],
						"uv": {
							"north": {"uv": [10, 10], "uv_size": [10, 10]},
							"east": {"uv": [0, 10], "uv_size": [10, 10]},
							"south": {"uv": [30, 10], "uv_size": [10, 10]},
							"west": {"uv": [20, 10], "uv_size": [10, 10]},
							"up": {"uv": [10, 0], "uv_size": [10, 10]},
							"down": {"uv": [20, 10], "uv_size": [10, -10]}
						}
					}
				]
			},
			{
				"name": "helmet",
				"parent": "head",
				"mirror": false,
				"cubes": [
					{
						"origin": [-2.5, 35.92116, 10.83013],
						"size": [5, 5, 15],
						"pivot": [0, 7.92116, 15.83013],
						"rotation": [30, 0, 0],
						"uv": {
							"north": {"uv": [40, 20], "uv_size": [5, 5]},
							"east": {"uv": [25, 20], "uv_size": [15, 5]},
							"south": {"uv": [28, 25], "uv_size": [5, 5]},
							"west": {"uv": [33, 25], "uv_size": [15, 5]},
							"up": {"uv": [40, 5], "uv_size": [5, 15]},
							"down": {"uv": [45, 20], "uv_size": [5, -15]}
						}
					},
					{
						"origin": [-3.84831, 29.89208, 3.89118],
						"size": [5, 5, 13],
						"pivot": [1.15169, 1.89208, 5.39118],
						"rotation": [7.5, -15, -5],
						"uv": {
							"north": {"uv": [13, 33], "uv_size": [5, 5]},
							"east": {"uv": [0, 33], "uv_size": [13, 5]},
							"south": {"uv": [31, 33], "uv_size": [5, 5]},
							"west": {"uv": [18, 33], "uv_size": [13, 5]},
							"up": {"uv": [13, 20], "uv_size": [5, 13]},
							"down": {"uv": [18, 33], "uv_size": [5, -13]}
						}
					},
					{
						"origin": [-2.5, 27.47883, -0.434],
						"size": [5, 5, 11],
						"pivot": [0, 1.97883, -3.934],
						"rotation": [-7.5, 0, 0],
						"uv": {
							"north": {"uv": [23, 24.9], "uv_size": [5, 5]},
							"east": {"uv": [0, 38], "uv_size": [11, 5]},
							"south": {"uv": [22, 37.9], "uv_size": [5, 5]},
							"west": {"uv": [11, 37.9], "uv_size": [11, 5]},
							"up": {"uv": [5, 19.9], "uv_size": [5, 11]},
							"down": {"uv": [0, 30.9], "uv_size": [5, -11]}
						}
					},
					{
						"origin": [-1.15169, 29.89208, 3.89118],
						"size": [5, 5, 13],
						"pivot": [-1.15169, 1.89208, 5.39118],
						"rotation": [7.5, 15, 5],
						"uv": {
							"north": {"uv": [18, 33], "uv_size": [-5, 5]},
							"east": {"uv": [31, 33], "uv_size": [-13, 5]},
							"south": {"uv": [36, 33], "uv_size": [-5, 5]},
							"west": {"uv": [13, 33], "uv_size": [-13, 5]},
							"up": {"uv": [18, 20], "uv_size": [-5, 13]},
							"down": {"uv": [23, 33], "uv_size": [-5, -13]}
						}
					},
					{
						"origin": [0.04939, 26.58187, -4.37915],
						"size": [5, 5, 13],
						"pivot": [0.04939, 1.08187, -3.37915],
						"rotation": [-15, 30, -5],
						"uv": {
							"north": {"uv": [18, 33], "uv_size": [-5, 5]},
							"east": {"uv": [31, 33], "uv_size": [-13, 5]},
							"south": {"uv": [36, 33], "uv_size": [-5, 5]},
							"west": {"uv": [13, 33], "uv_size": [-13, 5]},
							"up": {"uv": [18, 20], "uv_size": [-5, 13]},
							"down": {"uv": [23, 33], "uv_size": [-5, -13]}
						}
					},
					{
						"origin": [-5.04939, 26.58187, -4.37915],
						"size": [5, 5, 13],
						"pivot": [-0.04939, 1.08187, -3.37915],
						"rotation": [-15, -30, 5],
						"uv": {
							"north": {"uv": [13, 33], "uv_size": [5, 5]},
							"east": {"uv": [0, 33], "uv_size": [13, 5]},
							"south": {"uv": [31, 33], "uv_size": [5, 5]},
							"west": {"uv": [18, 33], "uv_size": [13, 5]},
							"up": {"uv": [13, 20], "uv_size": [5, 13]},
							"down": {"uv": [18, 33], "uv_size": [5, -13]}
						}
					},
					{
						"origin": [-1.15169, 34.89208, 14.89118],
						"size": [5, 3, 2],
						"pivot": [-1.15169, 1.89208, 5.39118],
						"rotation": [7.5, 15, 5],
						"uv": {
							"north": {"uv": [37, 2], "uv_size": [-5, 3]},
							"east": {"uv": [39, 2], "uv_size": [-2, 3]},
							"south": {"uv": [44, 2], "uv_size": [-5, 3]},
							"west": {"uv": [32, 2], "uv_size": [-2, 3]},
							"up": {"uv": [37, 0], "uv_size": [-5, 2]},
							"down": {"uv": [42, 2], "uv_size": [-5, -2]}
						}
					},
					{
						"origin": [0.04939, 31.58187, 6.62085],
						"size": [5, 3, 2],
						"pivot": [0.04939, 1.08187, -3.37915],
						"rotation": [-15, 30, -5],
						"uv": {
							"north": {"uv": [37, 2], "uv_size": [-5, 3]},
							"east": {"uv": [39, 2], "uv_size": [-2, 3]},
							"south": {"uv": [44, 2], "uv_size": [-5, 3]},
							"west": {"uv": [32, 2], "uv_size": [-2, 3]},
							"up": {"uv": [37, 0], "uv_size": [-5, 2]},
							"down": {"uv": [42, 2], "uv_size": [-5, -2]}
						}
					},
					{
						"origin": [-5.04939, 31.58187, 6.62085],
						"size": [5, 3, 2],
						"pivot": [-0.04939, 1.08187, -3.37915],
						"rotation": [-15, -30, 5],
						"uv": {
							"north": {"uv": [32, 2], "uv_size": [5, 3]},
							"east": {"uv": [30, 2], "uv_size": [2, 3]},
							"south": {"uv": [39, 2], "uv_size": [5, 3]},
							"west": {"uv": [37, 2], "uv_size": [2, 3]},
							"up": {"uv": [32, 0], "uv_size": [5, 2]},
							"down": {"uv": [37, 2], "uv_size": [5, -2]}
						}
					},
					{
						"origin": [-3.84831, 34.89208, 14.89118],
						"size": [5, 3, 2],
						"pivot": [1.15169, 1.89208, 5.39118],
						"rotation": [7.5, -15, -5],
						"uv": {
							"north": {"uv": [32, 2], "uv_size": [5, 3]},
							"east": {"uv": [30, 2], "uv_size": [2, 3]},
							"south": {"uv": [39, 2], "uv_size": [5, 3]},
							"west": {"uv": [37, 2], "uv_size": [2, 3]},
							"up": {"uv": [32, 0], "uv_size": [5, 2]},
							"down": {"uv": [37, 2], "uv_size": [5, -2]}
						}
					},
					{
						"origin": [-2.5, 24.47883, 8.566],
						"size": [5, 3, 2],
						"pivot": [0, 1.97883, -3.934],
						"rotation": [-7.5, 0, 0],
						"uv": {
							"north": {"uv": [46, 2], "uv_size": [5, 3]},
							"east": {"uv": [44, 2], "uv_size": [2, 3]},
							"south": {"uv": [0, 0], "uv_size": [5, 3]},
							"west": {"uv": [51, 2], "uv_size": [2, 3]},
							"up": {"uv": [46, 0], "uv_size": [5, 2]},
							"down": {"uv": [0, 5], "uv_size": [5, -2]}
						}
					},
					{
						"origin": [-2.5, 32.92116, 23.83013],
						"size": [5, 3, 2],
						"pivot": [0, 7.92116, 15.83013],
						"rotation": [30, 0, 0],
						"uv": {
							"north": {"uv": [32, 2], "uv_size": [5, 3]},
							"east": {"uv": [30, 2], "uv_size": [2, 3]},
							"south": {"uv": [39, 2], "uv_size": [5, 3]},
							"west": {"uv": [37, 2], "uv_size": [2, 3]},
							"up": {"uv": [32, 0], "uv_size": [5, 2]},
							"down": {"uv": [37, 2], "uv_size": [5, -2]}
						}
					}
				]
			}
		]
	},
	"geometry.shadows_hair.medium": {
		"bones": [
			{
				"name": "head",
				"parent": "body",
				"cubes": [
					{
						"origin": [-5, 23, -5],
						"size": [10, 10, 10],
						"uv": {
							"north": {"uv": [10, 10], "uv_size": [10, 10]},
							"east": {"uv": [0, 10], "uv_size": [10, 10]},
							"south": {"uv": [30, 10], "uv_size": [10, 10]},
							"west": {"uv": [20, 10], "uv_size": [10, 10]},
							"up": {"uv": [10, 0], "uv_size": [10, 10]},
							"down": {"uv": [20, 10], "uv_size": [10, -10]}
						}
					}
				]
			},
			{
				"name": "helmet",
				"parent": "head",
				"mirror": false,
				"cubes": [
					{
						"origin": [-2.5, 34.92116, 10.83013],
						"size": [5, 5, 15],
						"pivot": [0, 6.92116, 15.83013],
						"rotation": [30, 0, 0],
						"uv": {
							"north": {"uv": [40, 20], "uv_size": [5, 5]},
							"east": {"uv": [25, 20], "uv_size": [15, 5]},
							"south": {"uv": [28, 25], "uv_size": [5, 5]},
							"west": {"uv": [33, 25], "uv_size": [15, 5]},
							"up": {"uv": [40, 5], "uv_size": [5, 15]},
							"down": {"uv": [45, 20], "uv_size": [5, -15]}
						}
					},
					{
						"origin": [-3.84831, 28.89208, 3.89118],
						"size": [5, 5, 13],
						"pivot": [1.15169, 0.89208, 5.39118],
						"rotation": [7.5, -15, -5],
						"uv": {
							"north": {"uv": [13, 33], "uv_size": [5, 5]},
							"east": {"uv": [0, 33], "uv_size": [13, 5]},
							"south": {"uv": [31, 33], "uv_size": [5, 5]},
							"west": {"uv": [18, 33], "uv_size": [13, 5]},
							"up": {"uv": [13, 20], "uv_size": [5, 13]},
							"down": {"uv": [18, 33], "uv_size": [5, -13]}
						}
					},
					{
						"origin": [-2.5, 26.47883, -0.434],
						"size": [5, 5, 11],
						"pivot": [0, 0.97883, -3.934],
						"rotation": [-7.5, 0, 0],
						"uv": {
							"north": {"uv": [23, 24.9], "uv_size": [5, 5]},
							"east": {"uv": [0, 38], "uv_size": [11, 5]},
							"south": {"uv": [22, 37.9], "uv_size": [5, 5]},
							"west": {"uv": [11, 37.9], "uv_size": [11, 5]},
							"up": {"uv": [5, 19.9], "uv_size": [5, 11]},
							"down": {"uv": [0, 30.9], "uv_size": [5, -11]}
						}
					},
					{
						"origin": [-1.15169, 28.89208, 3.89118],
						"size": [5, 5, 13],
						"pivot": [-1.15169, 0.89208, 5.39118],
						"rotation": [7.5, 15, 5],
						"uv": {
							"north": {"uv": [18, 33], "uv_size": [-5, 5]},
							"east": {"uv": [31, 33], "uv_size": [-13, 5]},
							"south": {"uv": [36, 33], "uv_size": [-5, 5]},
							"west": {"uv": [13, 33], "uv_size": [-13, 5]},
							"up": {"uv": [18, 20], "uv_size": [-5, 13]},
							"down": {"uv": [23, 33], "uv_size": [-5, -13]}
						}
					},
					{
						"origin": [0.04939, 25.58187, -4.37915],
						"size": [5, 5, 13],
						"pivot": [0.04939, 0.08187, -3.37915],
						"rotation": [-15, 30, -5],
						"uv": {
							"north": {"uv": [18, 33], "uv_size": [-5, 5]},
							"east": {"uv": [31, 33], "uv_size": [-13, 5]},
							"south": {"uv": [36, 33], "uv_size": [-5, 5]},
							"west": {"uv": [13, 33], "uv_size": [-13, 5]},
							"up": {"uv": [18, 20], "uv_size": [-5, 13]},
							"down": {"uv": [23, 33], "uv_size": [-5, -13]}
						}
					},
					{
						"origin": [-5.04939, 25.58187, -4.37915],
						"size": [5, 5, 13],
						"pivot": [-0.04939, 0.08187, -3.37915],
						"rotation": [-15, -30, 5],
						"uv": {
							"north": {"uv": [13, 33], "uv_size": [5, 5]},
							"east": {"uv": [0, 33], "uv_size": [13, 5]},
							"south": {"uv": [31, 33], "uv_size": [5, 5]},
							"west": {"uv": [18, 33], "uv_size": [13, 5]},
							"up": {"uv": [13, 20], "uv_size": [5, 13]},
							"down": {"uv": [18, 33], "uv_size": [5, -13]}
						}
					},
					{
						"origin": [-1.15169, 33.89208, 14.89118],
						"size": [5, 3, 2],
						"pivot": [-1.15169, 0.89208, 5.39118],
						"rotation": [7.5, 15, 5],
						"uv": {
							"north": {"uv": [37, 2], "uv_size": [-5, 3]},
							"east": {"uv": [39, 2], "uv_size": [-2, 3]},
							"south": {"uv": [44, 2], "uv_size": [-5, 3]},
							"west": {"uv": [32, 2], "uv_size": [-2, 3]},
							"up": {"uv": [37, 0], "uv_size": [-5, 2]},
							"down": {"uv": [42, 2], "uv_size": [-5, -2]}
						}
					},
					{
						"origin": [0.04939, 30.58187, 6.62085],
						"size": [5, 3, 2],
						"pivot": [0.04939, 0.08187, -3.37915],
						"rotation": [-15, 30, -5],
						"uv": {
							"north": {"uv": [37, 2], "uv_size": [-5, 3]},
							"east": {"uv": [39, 2], "uv_size": [-2, 3]},
							"south": {"uv": [44, 2], "uv_size": [-5, 3]},
							"west": {"uv": [32, 2], "uv_size": [-2, 3]},
							"up": {"uv": [37, 0], "uv_size": [-5, 2]},
							"down": {"uv": [42, 2], "uv_size": [-5, -2]}
						}
					},
					{
						"origin": [-5.04939, 30.58187, 6.62085],
						"size": [5, 3, 2],
						"pivot": [-0.04939, 0.08187, -3.37915],
						"rotation": [-15, -30, 5],
						"uv": {
							"north": {"uv": [32, 2], "uv_size": [5, 3]},
							"east": {"uv": [30, 2], "uv_size": [2, 3]},
							"south": {"uv": [39, 2], "uv_size": [5, 3]},
							"west": {"uv": [37, 2], "uv_size": [2, 3]},
							"up": {"uv": [32, 0], "uv_size": [5, 2]},
							"down": {"uv": [37, 2], "uv_size": [5, -2]}
						}
					},
					{
						"origin": [-3.84831, 33.89208, 14.89118],
						"size": [5, 3, 2],
						"pivot": [1.15169, 0.89208, 5.39118],
						"rotation": [7.5, -15, -5],
						"uv": {
							"north": {"uv": [32, 2], "uv_size": [5, 3]},
							"east": {"uv": [30, 2], "uv_size": [2, 3]},
							"south": {"uv": [39, 2], "uv_size": [5, 3]},
							"west": {"uv": [37, 2], "uv_size": [2, 3]},
							"up": {"uv": [32, 0], "uv_size": [5, 2]},
							"down": {"uv": [37, 2], "uv_size": [5, -2]}
						}
					},
					{
						"origin": [-2.5, 23.47883, 8.566],
						"size": [5, 3, 2],
						"pivot": [0, 0.97883, -3.934],
						"rotation": [-7.5, 0, 0],
						"uv": {
							"north": {"uv": [46, 2], "uv_size": [5, 3]},
							"east": {"uv": [44, 2], "uv_size": [2, 3]},
							"south": {"uv": [0, 0], "uv_size": [5, 3]},
							"west": {"uv": [51, 2], "uv_size": [2, 3]},
							"up": {"uv": [46, 0], "uv_size": [5, 2]},
							"down": {"uv": [0, 5], "uv_size": [5, -2]}
						}
					},
					{
						"origin": [-2.5, 31.92116, 23.83013],
						"size": [5, 3, 2],
						"pivot": [0, 6.92116, 15.83013],
						"rotation": [30, 0, 0],
						"uv": {
							"north": {"uv": [32, 2], "uv_size": [5, 3]},
							"east": {"uv": [30, 2], "uv_size": [2, 3]},
							"south": {"uv": [39, 2], "uv_size": [5, 3]},
							"west": {"uv": [37, 2], "uv_size": [2, 3]},
							"up": {"uv": [32, 0], "uv_size": [5, 2]},
							"down": {"uv": [37, 2], "uv_size": [5, -2]}
						}
					}
				]
			}
		]
	},
	"geometry.shadows_hair.small": {
		"bones": [
			{
				"name": "head",
				"parent": "body",
				"cubes": [
					{
						"origin": [-5, 21, -5],
						"size": [10, 10, 10],
						"uv": {
							"north": {"uv": [10, 10], "uv_size": [10, 10]},
							"east": {"uv": [0, 10], "uv_size": [10, 10]},
							"south": {"uv": [30, 10], "uv_size": [10, 10]},
							"west": {"uv": [20, 10], "uv_size": [10, 10]},
							"up": {"uv": [10, 0], "uv_size": [10, 10]},
							"down": {"uv": [20, 10], "uv_size": [10, -10]}
						}
					}
				]
			},
			{
				"name": "helmet",
				"parent": "head",
				"mirror": false,
				"cubes": [
					{
						"origin": [-2.5, 32.92116, 10.83013],
						"size": [5, 5, 15],
						"pivot": [0, 4.92116, 15.83013],
						"rotation": [30, 0, 0],
						"uv": {
							"north": {"uv": [40, 20], "uv_size": [5, 5]},
							"east": {"uv": [25, 20], "uv_size": [15, 5]},
							"south": {"uv": [28, 25], "uv_size": [5, 5]},
							"west": {"uv": [33, 25], "uv_size": [15, 5]},
							"up": {"uv": [40, 5], "uv_size": [5, 15]},
							"down": {"uv": [45, 20], "uv_size": [5, -15]}
						}
					},
					{
						"origin": [-3.84831, 26.89208, 3.89118],
						"size": [5, 5, 13],
						"pivot": [1.15169, -1.10792, 5.39118],
						"rotation": [7.5, -15, -5],
						"uv": {
							"north": {"uv": [13, 33], "uv_size": [5, 5]},
							"east": {"uv": [0, 33], "uv_size": [13, 5]},
							"south": {"uv": [31, 33], "uv_size": [5, 5]},
							"west": {"uv": [18, 33], "uv_size": [13, 5]},
							"up": {"uv": [13, 20], "uv_size": [5, 13]},
							"down": {"uv": [18, 33], "uv_size": [5, -13]}
						}
					},
					{
						"origin": [-2.5, 24.47883, -0.434],
						"size": [5, 5, 11],
						"pivot": [0, -1.02117, -3.934],
						"rotation": [-7.5, 0, 0],
						"uv": {
							"north": {"uv": [23, 24.9], "uv_size": [5, 5]},
							"east": {"uv": [0, 38], "uv_size": [11, 5]},
							"south": {"uv": [22, 37.9], "uv_size": [5, 5]},
							"west": {"uv": [11, 37.9], "uv_size": [11, 5]},
							"up": {"uv": [5, 19.9], "uv_size": [5, 11]},
							"down": {"uv": [0, 30.9], "uv_size": [5, -11]}
						}
					},
					{
						"origin": [-1.15169, 26.89208, 3.89118],
						"size": [5, 5, 13],
						"pivot": [-1.15169, -1.10792, 5.39118],
						"rotation": [7.5, 15, 5],
						"uv": {
							"north": {"uv": [18, 33], "uv_size": [-5, 5]},
							"east": {"uv": [31, 33], "uv_size": [-13, 5]},
							"south": {"uv": [36, 33], "uv_size": [-5, 5]},
							"west": {"uv": [13, 33], "uv_size": [-13, 5]},
							"up": {"uv": [18, 20], "uv_size": [-5, 13]},
							"down": {"uv": [23, 33], "uv_size": [-5, -13]}
						}
					},
					{
						"origin": [0.04939, 23.58187, -4.37915],
						"size": [5, 5, 13],
						"pivot": [0.04939, -1.91813, -3.37915],
						"rotation": [-15, 30, -5],
						"uv": {
							"north": {"uv": [18, 33], "uv_size": [-5, 5]},
							"east": {"uv": [31, 33], "uv_size": [-13, 5]},
							"south": {"uv": [36, 33], "uv_size": [-5, 5]},
							"west": {"uv": [13, 33], "uv_size": [-13, 5]},
							"up": {"uv": [18, 20], "uv_size": [-5, 13]},
							"down": {"uv": [23, 33], "uv_size": [-5, -13]}
						}
					},
					{
						"origin": [-5.04939, 23.58187, -4.37915],
						"size": [5, 5, 13],
						"pivot": [-0.04939, -1.91813, -3.37915],
						"rotation": [-15, -30, 5],
						"uv": {
							"north": {"uv": [13, 33], "uv_size": [5, 5]},
							"east": {"uv": [0, 33], "uv_size": [13, 5]},
							"south": {"uv": [31, 33], "uv_size": [5, 5]},
							"west": {"uv": [18, 33], "uv_size": [13, 5]},
							"up": {"uv": [13, 20], "uv_size": [5, 13]},
							"down": {"uv": [18, 33], "uv_size": [5, -13]}
						}
					},
					{
						"origin": [-1.15169, 31.89208, 14.89118],
						"size": [5, 3, 2],
						"pivot": [-1.15169, -1.10792, 5.39118],
						"rotation": [7.5, 15, 5],
						"uv": {
							"north": {"uv": [37, 2], "uv_size": [-5, 3]},
							"east": {"uv": [39, 2], "uv_size": [-2, 3]},
							"south": {"uv": [44, 2], "uv_size": [-5, 3]},
							"west": {"uv": [32, 2], "uv_size": [-2, 3]},
							"up": {"uv": [37, 0], "uv_size": [-5, 2]},
							"down": {"uv": [42, 2], "uv_size": [-5, -2]}
						}
					},
					{
						"origin": [0.04939, 28.58187, 6.62085],
						"size": [5, 3, 2],
						"pivot": [0.04939, -1.91813, -3.37915],
						"rotation": [-15, 30, -5],
						"uv": {
							"north": {"uv": [37, 2], "uv_size": [-5, 3]},
							"east": {"uv": [39, 2], "uv_size": [-2, 3]},
							"south": {"uv": [44, 2], "uv_size": [-5, 3]},
							"west": {"uv": [32, 2], "uv_size": [-2, 3]},
							"up": {"uv": [37, 0], "uv_size": [-5, 2]},
							"down": {"uv": [42, 2], "uv_size": [-5, -2]}
						}
					},
					{
						"origin": [-5.04939, 28.58187, 6.62085],
						"size": [5, 3, 2],
						"pivot": [-0.04939, -1.91813, -3.37915],
						"rotation": [-15, -30, 5],
						"uv": {
							"north": {"uv": [32, 2], "uv_size": [5, 3]},
							"east": {"uv": [30, 2], "uv_size": [2, 3]},
							"south": {"uv": [39, 2], "uv_size": [5, 3]},
							"west": {"uv": [37, 2], "uv_size": [2, 3]},
							"up": {"uv": [32, 0], "uv_size": [5, 2]},
							"down": {"uv": [37, 2], "uv_size": [5, -2]}
						}
					},
					{
						"origin": [-3.84831, 31.89208, 14.89118],
						"size": [5, 3, 2],
						"pivot": [1.15169, -1.10792, 5.39118],
						"rotation": [7.5, -15, -5],
						"uv": {
							"north": {"uv": [32, 2], "uv_size": [5, 3]},
							"east": {"uv": [30, 2], "uv_size": [2, 3]},
							"south": {"uv": [39, 2], "uv_size": [5, 3]},
							"west": {"uv": [37, 2], "uv_size": [2, 3]},
							"up": {"uv": [32, 0], "uv_size": [5, 2]},
							"down": {"uv": [37, 2], "uv_size": [5, -2]}
						}
					},
					{
						"origin": [-2.5, 21.47883, 8.566],
						"size": [5, 3, 2],
						"pivot": [0, -1.02117, -3.934],
						"rotation": [-7.5, 0, 0],
						"uv": {
							"north": {"uv": [46, 2], "uv_size": [5, 3]},
							"east": {"uv": [44, 2], "uv_size": [2, 3]},
							"south": {"uv": [0, 0], "uv_size": [5, 3]},
							"west": {"uv": [51, 2], "uv_size": [2, 3]},
							"up": {"uv": [46, 0], "uv_size": [5, 2]},
							"down": {"uv": [0, 5], "uv_size": [5, -2]}
						}
					},
					{
						"origin": [-2.5, 29.92116, 23.83013],
						"size": [5, 3, 2],
						"pivot": [0, 4.92116, 15.83013],
						"rotation": [30, 0, 0],
						"uv": {
							"north": {"uv": [32, 2], "uv_size": [5, 3]},
							"east": {"uv": [30, 2], "uv_size": [2, 3]},
							"south": {"uv": [39, 2], "uv_size": [5, 3]},
							"west": {"uv": [37, 2], "uv_size": [2, 3]},
							"up": {"uv": [32, 0], "uv_size": [5, 2]},
							"down": {"uv": [37, 2], "uv_size": [5, -2]}
						}
					}
				]
			}
		]
	},
	"geometry.shadows_hair.smaller": {
		"bones": [
			{
				"name": "head",
				"parent": "body",
				"cubes": [
					{
						"origin": [-5, 19, -5],
						"size": [10, 10, 10],
						"uv": {
							"north": {"uv": [10, 10], "uv_size": [10, 10]},
							"east": {"uv": [0, 10], "uv_size": [10, 10]},
							"south": {"uv": [30, 10], "uv_size": [10, 10]},
							"west": {"uv": [20, 10], "uv_size": [10, 10]},
							"up": {"uv": [10, 0], "uv_size": [10, 10]},
							"down": {"uv": [20, 10], "uv_size": [10, -10]}
						}
					}
				]
			},
			{
				"name": "helmet",
				"parent": "head",
				"mirror": false,
				"cubes": [
					{
						"origin": [-2.5, 30.92116, 10.83013],
						"size": [5, 5, 15],
						"pivot": [0, 2.92116, 15.83013],
						"rotation": [30, 0, 0],
						"uv": {
							"north": {"uv": [40, 20], "uv_size": [5, 5]},
							"east": {"uv": [25, 20], "uv_size": [15, 5]},
							"south": {"uv": [28, 25], "uv_size": [5, 5]},
							"west": {"uv": [33, 25], "uv_size": [15, 5]},
							"up": {"uv": [40, 5], "uv_size": [5, 15]},
							"down": {"uv": [45, 20], "uv_size": [5, -15]}
						}
					},
					{
						"origin": [-3.84831, 24.89208, 3.89118],
						"size": [5, 5, 13],
						"pivot": [1.15169, -3.10792, 5.39118],
						"rotation": [7.5, -15, -5],
						"uv": {
							"north": {"uv": [13, 33], "uv_size": [5, 5]},
							"east": {"uv": [0, 33], "uv_size": [13, 5]},
							"south": {"uv": [31, 33], "uv_size": [5, 5]},
							"west": {"uv": [18, 33], "uv_size": [13, 5]},
							"up": {"uv": [13, 20], "uv_size": [5, 13]},
							"down": {"uv": [18, 33], "uv_size": [5, -13]}
						}
					},
					{
						"origin": [-2.5, 22.47883, -0.434],
						"size": [5, 5, 11],
						"pivot": [0, -3.02117, -3.934],
						"rotation": [-7.5, 0, 0],
						"uv": {
							"north": {"uv": [23, 24.9], "uv_size": [5, 5]},
							"east": {"uv": [0, 38], "uv_size": [11, 5]},
							"south": {"uv": [22, 37.9], "uv_size": [5, 5]},
							"west": {"uv": [11, 37.9], "uv_size": [11, 5]},
							"up": {"uv": [5, 19.9], "uv_size": [5, 11]},
							"down": {"uv": [0, 30.9], "uv_size": [5, -11]}
						}
					},
					{
						"origin": [-1.15169, 24.89208, 3.89118],
						"size": [5, 5, 13],
						"pivot": [-1.15169, -3.10792, 5.39118],
						"rotation": [7.5, 15, 5],
						"uv": {
							"north": {"uv": [18, 33], "uv_size": [-5, 5]},
							"east": {"uv": [31, 33], "uv_size": [-13, 5]},
							"south": {"uv": [36, 33], "uv_size": [-5, 5]},
							"west": {"uv": [13, 33], "uv_size": [-13, 5]},
							"up": {"uv": [18, 20], "uv_size": [-5, 13]},
							"down": {"uv": [23, 33], "uv_size": [-5, -13]}
						}
					},
					{
						"origin": [0.04939, 21.58187, -4.37915],
						"size": [5, 5, 13],
						"pivot": [0.04939, -3.91813, -3.37915],
						"rotation": [-15, 30, -5],
						"uv": {
							"north": {"uv": [18, 33], "uv_size": [-5, 5]},
							"east": {"uv": [31, 33], "uv_size": [-13, 5]},
							"south": {"uv": [36, 33], "uv_size": [-5, 5]},
							"west": {"uv": [13, 33], "uv_size": [-13, 5]},
							"up": {"uv": [18, 20], "uv_size": [-5, 13]},
							"down": {"uv": [23, 33], "uv_size": [-5, -13]}
						}
					},
					{
						"origin": [-5.04939, 21.58187, -4.37915],
						"size": [5, 5, 13],
						"pivot": [-0.04939, -3.91813, -3.37915],
						"rotation": [-15, -30, 5],
						"uv": {
							"north": {"uv": [13, 33], "uv_size": [5, 5]},
							"east": {"uv": [0, 33], "uv_size": [13, 5]},
							"south": {"uv": [31, 33], "uv_size": [5, 5]},
							"west": {"uv": [18, 33], "uv_size": [13, 5]},
							"up": {"uv": [13, 20], "uv_size": [5, 13]},
							"down": {"uv": [18, 33], "uv_size": [5, -13]}
						}
					},
					{
						"origin": [-1.15169, 29.89208, 14.89118],
						"size": [5, 3, 2],
						"pivot": [-1.15169, -3.10792, 5.39118],
						"rotation": [7.5, 15, 5],
						"uv": {
							"north": {"uv": [37, 2], "uv_size": [-5, 3]},
							"east": {"uv": [39, 2], "uv_size": [-2, 3]},
							"south": {"uv": [44, 2], "uv_size": [-5, 3]},
							"west": {"uv": [32, 2], "uv_size": [-2, 3]},
							"up": {"uv": [37, 0], "uv_size": [-5, 2]},
							"down": {"uv": [42, 2], "uv_size": [-5, -2]}
						}
					},
					{
						"origin": [0.04939, 26.58187, 6.62085],
						"size": [5, 3, 2],
						"pivot": [0.04939, -3.91813, -3.37915],
						"rotation": [-15, 30, -5],
						"uv": {
							"north": {"uv": [37, 2], "uv_size": [-5, 3]},
							"east": {"uv": [39, 2], "uv_size": [-2, 3]},
							"south": {"uv": [44, 2], "uv_size": [-5, 3]},
							"west": {"uv": [32, 2], "uv_size": [-2, 3]},
							"up": {"uv": [37, 0], "uv_size": [-5, 2]},
							"down": {"uv": [42, 2], "uv_size": [-5, -2]}
						}
					},
					{
						"origin": [-5.04939, 26.58187, 6.62085],
						"size": [5, 3, 2],
						"pivot": [-0.04939, -3.91813, -3.37915],
						"rotation": [-15, -30, 5],
						"uv": {
							"north": {"uv": [32, 2], "uv_size": [5, 3]},
							"east": {"uv": [30, 2], "uv_size": [2, 3]},
							"south": {"uv": [39, 2], "uv_size": [5, 3]},
							"west": {"uv": [37, 2], "uv_size": [2, 3]},
							"up": {"uv": [32, 0], "uv_size": [5, 2]},
							"down": {"uv": [37, 2], "uv_size": [5, -2]}
						}
					},
					{
						"origin": [-3.84831, 29.89208, 14.89118],
						"size": [5, 3, 2],
						"pivot": [1.15169, -3.10792, 5.39118],
						"rotation": [7.5, -15, -5],
						"uv": {
							"north": {"uv": [32, 2], "uv_size": [5, 3]},
							"east": {"uv": [30, 2], "uv_size": [2, 3]},
							"south": {"uv": [39, 2], "uv_size": [5, 3]},
							"west": {"uv": [37, 2], "uv_size": [2, 3]},
							"up": {"uv": [32, 0], "uv_size": [5, 2]},
							"down": {"uv": [37, 2], "uv_size": [5, -2]}
						}
					},
					{
						"origin": [-2.5, 19.47883, 8.566],
						"size": [5, 3, 2],
						"pivot": [0, -3.02117, -3.934],
						"rotation": [-7.5, 0, 0],
						"uv": {
							"north": {"uv": [46, 2], "uv_size": [5, 3]},
							"east": {"uv": [44, 2], "uv_size": [2, 3]},
							"south": {"uv": [0, 0], "uv_size": [5, 3]},
							"west": {"uv": [51, 2], "uv_size": [2, 3]},
							"up": {"uv": [46, 0], "uv_size": [5, 2]},
							"down": {"uv": [0, 5], "uv_size": [5, -2]}
						}
					},
					{
						"origin": [-2.5, 27.92116, 23.83013],
						"size": [5, 3, 2],
						"pivot": [0, 2.92116, 15.83013],
						"rotation": [30, 0, 0],
						"uv": {
							"north": {"uv": [32, 2], "uv_size": [5, 3]},
							"east": {"uv": [30, 2], "uv_size": [2, 3]},
							"south": {"uv": [39, 2], "uv_size": [5, 3]},
							"west": {"uv": [37, 2], "uv_size": [2, 3]},
							"up": {"uv": [32, 0], "uv_size": [5, 2]},
							"down": {"uv": [37, 2], "uv_size": [5, -2]}
						}
					}
				]
			}
		]
	}
}