{
	"format_version": "1.8.0",
	"geometry.shadows_doom_wings.tall": {
		"bones": [
			{
				"name": "bodyArmor",
				"parent": "body",
				"mirror": false,
				"cubes": [
					{
						"origin": [-3, 13, 1],
						"size": [0, 15, 4],
						"uv": {
							"west": {"uv": [16, 9], "uv_size": [-4, 15]}
						}
					},
					{
						"origin": [-15, 9, 5],
						"size": [12, 24, 0],
						"pivot": [-3, 22, 5],
						"rotation": [0, 45, 0],
						"uv": {
							"north": {"uv": [0, 0], "uv_size": [12, 24]}
						}
					},
					{
						"origin": [3, 13, 1],
						"size": [0, 15, 4],
						"uv": {
							"west": {"uv": [16, 9], "uv_size": [-4, 15]}
						}
					},
					{
						"origin": [3, 9, 5],
						"size": [12, 24, 0],
						"pivot": [3, 22, 5],
						"rotation": [0, -45, 0],
						"uv": {
							"north": {"uv": [12, 0], "uv_size": [-12, 24]}
						}
					}
				]
			}
		]
	},
	"geometry.shadows_doom_wings.medium": {
		"bones": [
			{
				"name": "bodyArmor",
				"parent": "body",
				"mirror": false,
				"cubes": [
					{
						"origin": [-3, 12, 1],
						"size": [0, 15, 4],
						"uv": {
							"west": {"uv": [16, 9], "uv_size": [-4, 15]}
						}
					},
					{
						"origin": [-15, 8, 5],
						"size": [12, 24, 0],
						"pivot": [-3, 21, 5],
						"rotation": [0, 45, 0],
						"uv": {
							"north": {"uv": [0, 0], "uv_size": [12, 24]}
						}
					},
					{
						"origin": [3, 12, 1],
						"size": [0, 15, 4],
						"uv": {
							"west": {"uv": [16, 9], "uv_size": [-4, 15]}
						}
					},
					{
						"origin": [3, 8, 5],
						"size": [12, 24, 0],
						"pivot": [3, 21, 5],
						"rotation": [0, -45, 0],
						"uv": {
							"north": {"uv": [12, 0], "uv_size": [-12, 24]}
						}
					}
				]
			}
		]
	},
	"geometry.shadows_doom_wings.small": {
		"bones": [
			{
				"name": "bodyArmor",
				"parent": "body",
				"mirror": false,
				"cubes": [
					{
						"origin": [3, 10, 1],
						"size": [0, 15, 4],
						"uv": {
							"west": {"uv": [16, 9], "uv_size": [-4, 15]}
						}
					},
					{
						"origin": [3, 6, 5],
						"size": [12, 24, 0],
						"pivot": [3, 19, 5],
						"rotation": [0, -45, 0],
						"uv": {
							"north": {"uv": [12, 0], "uv_size": [-12, 24]}
						}
					},
					{
						"origin": [-15, 6, 5],
						"size": [12, 24, 0],
						"pivot": [-3, 19, 5],
						"rotation": [0, 45, 0],
						"uv": {
							"north": {"uv": [0, 0], "uv_size": [12, 24]}
						}
					},
					{
						"origin": [-3, 10, 1],
						"size": [0, 15, 4],
						"uv": {
							"west": {"uv": [16, 9], "uv_size": [-4, 15]}
						}
					}
				]
			}
		]
	},
	"geometry.shadows_doom_wings.smaller": {
		"bones": [
			{
				"name": "bodyArmor",
				"parent": "body",
				"mirror": false,
				"cubes": [
					{
						"origin": [-3, 9, 1],
						"size": [0, 15, 4],
						"uv": {
							"west": {"uv": [16, 9], "uv_size": [-4, 15]}
						}
					},
					{
						"origin": [-15, 5, 5],
						"size": [12, 24, 0],
						"pivot": [-3, 18, 5],
						"rotation": [0, 45, 0],
						"uv": {
							"north": {"uv": [0, 0], "uv_size": [12, 24]}
						}
					},
					{
						"origin": [3, 9, 1],
						"size": [0, 15, 4],
						"uv": {
							"west": {"uv": [16, 9], "uv_size": [-4, 15]}
						}
					},
					{
						"origin": [3, 5, 5],
						"size": [12, 24, 0],
						"pivot": [3, 18, 5],
						"rotation": [0, -45, 0],
						"uv": {
							"north": {"uv": [12, 0], "uv_size": [-12, 24]}
						}
					}
				]
			}
		]
	}
}