{
	"piece_id": "682ba15a-80fd-a10f-8ada-8e954480544f",
	"piece_name": "shadows_doom_wings",
	"piece_type": "persona_back",
	"geometry_sources": [
		{
			"body_size": "tall",
			"geometry": "geometry.shadows_doom_wings.tall",
			"texture": "shadows_doom_wings.png",
			"animated": true,
			"frames": 16
		},
		{
			"body_size": "medium",
			"geometry": "geometry.shadows_doom_wings.medium",
			"texture": "shadows_doom_wings.png",
			"animated": true,
			"frames": 16
		},
		{
			"body_size": "small",
			"geometry": "geometry.shadows_doom_wings.small",
			"texture": "shadows_doom_wings.png",
			"animated": true,
			"frames": 16
		},
		{
			"body_size": "smaller",
			"geometry": "geometry.shadows_doom_wings.smaller",
			"texture": "shadows_doom_wings.png",
			"animated": true,
			"frames": 16
		}
	]
}