{
	"piece_id": "f5daf2e1-71a5-2b52-2710-4b57c74db5d8",
	"piece_name": "chaos_emeralds",
	"piece_type": "persona_back",
	"geometry_sources": [
		{
			"body_size": "tall",
			"geometry": "geometry.chaos_emeralds.tall",
			"texture": "chaos_emeralds.png",
			"animated": true,
			"frames": 16
		},
		{
			"body_size": "medium",
			"geometry": "geometry.chaos_emeralds.medium",
			"texture": "chaos_emeralds.png",
			"animated": true,
			"frames": 16
		},
		{
			"body_size": "small",
			"geometry": "geometry.chaos_emeralds.small",
			"texture": "chaos_emeralds.png",
			"animated": true,
			"frames": 16
		},
		{
			"body_size": "smaller",
			"geometry": "geometry.chaos_emeralds.smaller",
			"texture": "chaos_emeralds.png",
			"animated": true,
			"frames": 16
		}
	]
}