{
	"format_version": "1.8.0",
	"geometry.chaos_emeralds.tall": {
		"bones": [
			{
				"name": "bodyArmor",
				"parent": "body",
				"mirror": false,
				"cubes": [
					{
						"origin": [-14, 7, 7],
						"size": [28, 29, 0],
						"uv": {
							"south": {"uv": [0, 0], "uv_size": [28, 29]}
						}
					},
					{
						"origin": [-14, 7, 6],
						"size": [28, 29, 0],
						"uv": {
							"south": {"uv": [32, 0], "uv_size": [28, 29]}
						}
					},
					{
						"origin": [-14, 7, 5],
						"size": [28, 29, 0],
						"uv": {
							"south": {"uv": [1, 32], "uv_size": [28, 29]}
						}
					},
					{
						"origin": [-14, 7, 4],
						"size": [28, 29, 0],
						"uv": {
							"south": {"uv": [34, 33], "uv_size": [28, 29]}
						}
					},
					{
						"origin": [-14, 7, 3],
						"size": [28, 29, 0],
						"uv": {
							"south": {"uv": [66, 33], "uv_size": [28, 29]}
						}
					},
					{
						"origin": [-14, 7, 8],
						"size": [28, 29, 0],
						"uv": {
							"south": {"uv": [32, 0], "uv_size": [28, 29]}
						}
					}
				]
			}
		]
	},
	"geometry.chaos_emeralds.medium": {
		"bones": [
			{
				"name": "bodyArmor",
				"parent": "body",
				"mirror": false,
				"cubes": [
					{
						"origin": [-14, 7, 8],
						"size": [28, 29, 0],
						"uv": {
							"south": {"uv": [32, 0], "uv_size": [28, 29]}
						}
					},
					{
						"origin": [-14, 7, 3],
						"size": [28, 29, 0],
						"uv": {
							"south": {"uv": [66, 33], "uv_size": [28, 29]}
						}
					},
					{
						"origin": [-14, 7, 4],
						"size": [28, 29, 0],
						"uv": {
							"south": {"uv": [34, 33], "uv_size": [28, 29]}
						}
					},
					{
						"origin": [-14, 7, 5],
						"size": [28, 29, 0],
						"uv": {
							"south": {"uv": [1, 32], "uv_size": [28, 29]}
						}
					},
					{
						"origin": [-14, 7, 6],
						"size": [28, 29, 0],
						"uv": {
							"south": {"uv": [32, 0], "uv_size": [28, 29]}
						}
					},
					{
						"origin": [-14, 7, 7],
						"size": [28, 29, 0],
						"uv": {
							"south": {"uv": [0, 0], "uv_size": [28, 29]}
						}
					}
				]
			}
		]
	},
	"geometry.chaos_emeralds.small": {
		"bones": [
			{
				"name": "bodyArmor",
				"parent": "body",
				"mirror": false,
				"cubes": [
					{
						"origin": [-14, 5, 8],
						"size": [28, 29, 0],
						"uv": {
							"south": {"uv": [32, 0], "uv_size": [28, 29]}
						}
					},
					{
						"origin": [-14, 5, 3],
						"size": [28, 29, 0],
						"uv": {
							"south": {"uv": [66, 33], "uv_size": [28, 29]}
						}
					},
					{
						"origin": [-14, 5, 4],
						"size": [28, 29, 0],
						"uv": {
							"south": {"uv": [34, 33], "uv_size": [28, 29]}
						}
					},
					{
						"origin": [-14, 5, 5],
						"size": [28, 29, 0],
						"uv": {
							"south": {"uv": [1, 32], "uv_size": [28, 29]}
						}
					},
					{
						"origin": [-14, 5, 6],
						"size": [28, 29, 0],
						"uv": {
							"south": {"uv": [32, 0], "uv_size": [28, 29]}
						}
					},
					{
						"origin": [-14, 5, 7],
						"size": [28, 29, 0],
						"uv": {
							"south": {"uv": [0, 0], "uv_size": [28, 29]}
						}
					}
				]
			}
		]
	},
	"geometry.chaos_emeralds.smaller": {
		"bones": [
			{
				"name": "bodyArmor",
				"parent": "body",
				"mirror": false,
				"cubes": [
					{
						"origin": [-14, 3, 8],
						"size": [28, 29, 0],
						"uv": {
							"south": {"uv": [32, 0], "uv_size": [28, 29]}
						}
					},
					{
						"origin": [-14, 3, 3],
						"size": [28, 29, 0],
						"uv": {
							"south": {"uv": [66, 33], "uv_size": [28, 29]}
						}
					},
					{
						"origin": [-14, 3, 4],
						"size": [28, 29, 0],
						"uv": {
							"south": {"uv": [34, 33], "uv_size": [28, 29]}
						}
					},
					{
						"origin": [-14, 3, 5],
						"size": [28, 29, 0],
						"uv": {
							"south": {"uv": [1, 32], "uv_size": [28, 29]}
						}
					},
					{
						"origin": [-14, 3, 6],
						"size": [28, 29, 0],
						"uv": {
							"south": {"uv": [32, 0], "uv_size": [28, 29]}
						}
					},
					{
						"origin": [-14, 3, 7],
						"size": [28, 29, 0],
						"uv": {
							"south": {"uv": [0, 0], "uv_size": [28, 29]}
						}
					}
				]
			}
		]
	}
}