{
	"format_version": "1.8.0",
	"animations": {
		"animation.em_dragon_bonding": {
			"animation_length": 8.5417,
			"bones": {
				"body": {
					"rotation": {
						"0.0": {
							"post": [0, 0, 0],
							"lerp_mode": "catmullrom"
						},
						"0.25": {
							"post": [18.02158, -31.18956, 0.8389],
							"lerp_mode": "catmullrom"
						},
						"1.0": {
							"post": [18.02158, -31.18956, 0.8389],
							"lerp_mode": "catmullrom"
						},
						"1.375": {
							"post": [-15.53611, -51.54699, 14.95119],
							"lerp_mode": "catmullrom"
						},
						"2.2917": {
							"post": [-6.34227, -43.79749, 11.99083],
							"lerp_mode": "catmullrom"
						},
						"3.625": {
							"post": [4.50509, -46.37582, 0.43454],
							"lerp_mode": "catmullrom"
						},
						"8.125": {
							"post": [4.50509, -46.37582, 0.43454],
							"lerp_mode": "catmullrom"
						},
						"8.5417": [0, 0, 0]
					},
					"position": {
						"0.0": {
							"post": [0, 0, 0],
							"lerp_mode": "catmullrom"
						},
						"0.25": {
							"post": [0, -0.7, 0],
							"lerp_mode": "catmullrom"
						},
						"1.0": {
							"post": [0, -0.7, 0],
							"lerp_mode": "catmullrom"
						},
						"1.375": {
							"post": [-1.4, -0.7, 8.2],
							"lerp_mode": "catmullrom"
						},
						"2.2917": {
							"post": [-0.6, -0.7, 7.2],
							"lerp_mode": "catmullrom"
						},
						"3.625": [-0.2, 0.1, 0.3],
						"8.125": [-0.31, 0.1, 0.3],
						"8.5417": [0, 0, 0]
					}
				},
				"head": {
					"rotation": {
						"0.0": {
							"post": [0, 0, 0],
							"lerp_mode": "catmullrom"
						},
						"0.25": {
							"post": [-22.81179, 9.23186, -3.86032],
							"lerp_mode": "catmullrom"
						},
						"1.0": {
							"post": [-22.81179, 9.23186, -3.86032],
							"lerp_mode": "catmullrom"
						},
						"1.375": {
							"post": [14.42606, 1.75439, -8.91428],
							"lerp_mode": "catmullrom"
						},
						"2.2917": {
							"post": [22.10066, -48.30169, -23.13545],
							"lerp_mode": "catmullrom"
						},
						"5.375": {
							"post": [34.22802, -37.24539, -31.37168],
							"lerp_mode": "catmullrom"
						},
						"6.25": {
							"post": [17.42242, 33.29232, 3.50518],
							"lerp_mode": "catmullrom"
						},
						"8.0833": {
							"post": [1.42242, 33.29232, 3.50518],
							"lerp_mode": "catmullrom"
						},
						"8.5": [0, 0, 0]
					}
				},
				"leftArm": {
					"rotation": {
						"0.0": {
							"post": [0, 0, 0],
							"lerp_mode": "catmullrom"
						},
						"0.25": {
							"post": [0, 0, -22],
							"lerp_mode": "catmullrom"
						},
						"1.0": {
							"post": [0, 0, -22],
							"lerp_mode": "catmullrom"
						},
						"1.7083": {
							"post": [11, 0, -22],
							"lerp_mode": "catmullrom"
						},
						"4.0": {
							"post": [31.70045, 9.68915, -37.24303],
							"lerp_mode": "catmullrom"
						},
						"6.25": {
							"post": [9.71589, 6.56421, -29.11609],
							"lerp_mode": "catmullrom"
						},
						"8.0833": {
							"post": [-11.52963, 6.46083, -42.70366],
							"lerp_mode": "catmullrom"
						},
						"8.5": [0, 0, 0]
					},
					"position": {
						"0.0": {
							"post": [0, 0, 0],
							"lerp_mode": "catmullrom"
						},
						"0.25": {
							"post": [0, 2.1, 0],
							"lerp_mode": "catmullrom"
						},
						"1.0": {
							"post": [0, 2.1, 0],
							"lerp_mode": "catmullrom"
						},
						"1.7083": {
							"post": [-0.18715, 0.81768, -0.01865],
							"lerp_mode": "catmullrom"
						},
						"4.0": {
							"post": [0.16, 0.33, -0.01],
							"lerp_mode": "catmullrom"
						},
						"5.375": {
							"post": [0.11, 0.29, -0.01],
							"lerp_mode": "catmullrom"
						},
						"6.25": {
							"post": [0.05, -0.15, -0.01],
							"lerp_mode": "catmullrom"
						},
						"8.0833": {
							"post": [0.05, -0.95, -0.01],
							"lerp_mode": "catmullrom"
						},
						"8.5": [0, 0, 0]
					}
				},
				"rightArm": {
					"rotation": {
						"0.0": {
							"post": [0, 0, 0],
							"lerp_mode": "catmullrom"
						},
						"0.25": {
							"post": [-17, 0, 14],
							"lerp_mode": "catmullrom"
						},
						"1.0": {
							"post": [-17, 0, 14],
							"lerp_mode": "catmullrom"
						},
						"1.375": {
							"post": [-5.25602, 3.32061, 16.38863],
							"lerp_mode": "catmullrom"
						},
						"2.2917": {
							"post": [-5.25602, 3.32061, 16.38863],
							"lerp_mode": "catmullrom"
						},
						"3.4583": [-100.044, 41.60686, 11.89791],
						"8.0833": [-100.044, 41.60686, 11.89791],
						"8.5": [0, 0, 0]
					},
					"position": {
						"0.0": {
							"post": [0, 0, 0],
							"lerp_mode": "catmullrom"
						},
						"0.25": {
							"post": [0, 1.1, 0],
							"lerp_mode": "catmullrom"
						},
						"1.0": {
							"post": [0, 1.1, 0],
							"lerp_mode": "catmullrom"
						},
						"1.375": {
							"post": [0, -0.8, 0],
							"lerp_mode": "catmullrom"
						},
						"2.2917": {
							"post": [0, -0.8, 0],
							"lerp_mode": "catmullrom"
						},
						"3.4583": {
							"post": [-0.98293, 1.25491, -1.39528],
							"lerp_mode": "catmullrom"
						},
						"8.0833": {
							"post": [-0.98293, 1.25491, -1.39528],
							"lerp_mode": "catmullrom"
						},
						"8.5": [0, 0, 0]
					}
				},
				"leftLeg": {
					"rotation": {
						"0.0": [0, 0, 0],
						"0.25": [29.86798, -43.93535, -28.44106],
						"1.0": [29.86798, -43.93535, -28.44106],
						"1.375": [5.47333, -58.76019, -9.82523],
						"2.2917": [5.47333, -58.76019, -9.82523],
						"3.625": [37.88437, -38.96692, -29.79986],
						"8.0833": [37.88437, -38.96692, -29.79986],
						"8.5": [0, 0, 0]
					},
					"position": {
						"0.0": [0, 0, 0],
						"0.125": [-0.95, 2.5, 2.65],
						"0.25": [-1.9, 0, 5.3],
						"1.0": [-1.9, 0, 5.3],
						"1.375": [-3.22, -0.3, 8.6],
						"2.2917": [-3.22, -0.3, 8.6],
						"3.625": [-2.33, -0.22, 4.01],
						"8.0833": [-2.33, -0.22, 4.01],
						"8.2917": [-1.17, 1.69, 1.31],
						"8.5": [0, 0, 0]
					}
				},
				"rightLeg": {
					"rotation": {
						"0.0": [0, 0, 0],
						"0.25": [-10.76763, -21.64875, 4.01321],
						"1.0": [-10.76763, -21.64875, 4.01321],
						"1.375": [-29.1265, -22.68609, 8.27509],
						"2.2917": [-29.1265, -22.68609, 8.27509],
						"3.625": [1.43802, -26.09078, 6.21152],
						"8.0833": [1.43802, -26.09078, 6.21152],
						"8.5": [0, 0, 0]
					},
					"position": {
						"0.0": [0, 0, 0],
						"0.25": [-1.4, 0, 1.3],
						"1.0": [-1.4, 0, 1.3],
						"1.375": [-1.15, -0.7, 4.17],
						"2.2917": [-1.15, -0.7, 4.17],
						"3.625": [-0.83, 0, -0.76],
						"8.0833": [-0.83, 0, -0.76],
						"8.5": [0, 0, 0]
					}
				}
			}
		}
	}
}